name,id
"Abdi, Ezekiel",I233
"Adams, Robert",G882
"Adams, Wayne Jr",G098
"Adkins, Allen",D733
"Akinwande, Olufemi",I234
"Albino, Monica",I045
"Ali, Mohamed",G080
"Allen, Edgar",E440
"Allen, Rodney",E889
"Allers, Thomas",F934
"Allgood, Verillion",H831
"Alston, Monica",I045
"Alvarez, Amado",G354
"Amador, Robert",F979
"Ambrose, Wayne",I329
"Anderson, Clem",H607
"Ardis, Vicky",F931
"Atkins, Tyler",T695
"Avery, Brandon",I176
"Avitia, Jesus",G722
"Azur, David",F296
"Badgujar, Anand",J033
"Bagdon, Mark",H422
"Baier, Michael",E684
"Bailey, Leonardo",F531
"Baio, Sal",I237
"Baio, Salvatore",I237
"Banks, Warren",I623
"Bartone, Jocelyn",T598
"Bartone, Joceyln",T598
"Baskette, Kevin",E041
"Baublitz, Eric",I627
"Beal, Isaac",I624
"Bearde, William",H282
"Bell, Ivan",F956
"Bell, Terry",G695
"Benett, Freda",S896
"Benn, Warren",G825
"Bennett, Freda",S896
"Bennett, Jason",H782
"Benson, Keith",F413
"Bernardez-Ruiz, Jorge",J039
"Berry, Fugiki",H671
"Biehler, Brian",F700
"Biggers, Sherrod",H884
"Blackwell, Troy",F840
"Blanchard, Jason",I671
"Bland, Freddie",F202
"Bonaparte, Heyward",G028
"Booth, Cedric",I364
"Boots, Beth",T179
"Bowman, Steve",G449
"Bowman, Steven",G449
"Boyd, Chris",F516
"Boyd, Greg",F907
"Bradley, James",G400
"Bradley, William",F817
"Bristol, William",E973
"Brooks, Leland",H474
"Brown, Derrick",G059
"Brown, Margaret",F997
"Brown, Nicole",E654
"Brown, Wilmer",G738
"Bruno, Angela",T771
"Burchill, Paul",G954
"Burkett, Michael",D135
"Burns, John",G940
"Burns, John Jr",G940
"Burrus, Torran",G156
"Burton, Joseph",G348
"Button, Bruce",E415
"Byrd, Adriene",H108
"Cabreja, Emmanuel",H942
"Calpin, John",D971
"Campusano,",H776
"Carrington,",H124
"Carrington, Issac",H124
"Carter-Watson,",G924
"Carter, Ronald",I330
"Cavey, Shannon",G135
"Charles, Bandele",H628
"Charles, Rachel",J146
"Chase, Keith",I219
"Cheatam, Tony",T682
"Choi, Shawn",I938
"Cicchetti III, Carl",H643
"Cicchetti, Carl",H643
"Ciotti, David",H894
"Cirillo, Anthony",G461
"Cirillo, Anthony",I726
"Clark, Robert",I653
"Clark, Tony",H616
"Clarke, Robert",I653
"Clasing, David",E224
"Clewell, John",I711
"Coffin, Brian",I740
"Colburn III, David",I661
"Colburn, David",I661
"Coleman, Kyesha",H930
"Coleman, Michael",F495
"Collins, Marcos",T694
"Collins, Michael",G358
"Connolly, Kendall",F756
"Corrigan, Patrick",I500
"Corso, Robert",H966
"Crespo, Jomari",J078
"Crosby, Bradley",F727
"Crystal, Joseph",I644
"Danielczyk, Scott",F595
"Danzy, Danny",E549
"Davis, Phillip",J040
"Day, Matt",G268
"Day, Matthew",G268
"DeFranco, Michael",F922
"Denford, William",C829
"Devine, Timothy",D764
"DiCandeloro, Joseph",G785
"Dickstein, Ryan",I637
"Diggs, V SES Admin",H634
"Diggs, Vaughn",H634
"Dinnuno, Matt",H967
"DiNunno, Matthew",H967
"DiPaola, Jeffrey",H868
"Disney, Shirley",F733
"Dixon, Duane",E483
"Djan, Michael",T667
"Djan, Michael",T687
"Dobbins, Wanda",D807
"Dodge, Harry Jr",G557
"Dorsey, Alan",F216
"Dressel, Michael",E766
"Dunton, Kevin",F765
"Earp, Phillip",F729
"Echevarria, Brandon",G974
"Eldridge, Manuel",F020
"Ellis, Lavern",E924
"Ellis, Laverne",E924
"Ellison, Tony",E874
"Emich, Chris",E379
"Estes,",I967
"Estes, Donald",I967
"Esworthy, Lee",E941
"Evans, Steven",H611
"Everett, Roan",F109
"Fair, Bryant",G321
"Faller, Christopher",G351
"Fassl, Kevin",J291
"Featherstone, Jeff",H752
"Felder, Darryl",I129
"Ferdinand, Sendi",H013
"Ferguson, Aaron",F630
"Ferguson, Triston",G873
"Feser, Jason",H530
"Fidler, Joshua",I709
"Fields, Dale",C489
"Finein, William",H792
"Fischer, Greg",H560
"Fisher, Greg",H560
"Fisher, Steven",G030
"Flynn, Brian",H467
"Ford, Brian",F710
"Foster, Dontae",I407
"Fox, Jessica",I368
"Fox, Vincent",F778
"Frauenhoffer, Jim",F117
"Frey, Phoenix",G410
"Fried, Jared",H454
"Fried, Joel",G849
"Frieman, Ben",I847
"Frieman, Benjamin",I847
"Fries, Michael",E895
"Fries, Suzanne",G389
"Fritzges, Joseph",G926
"Fritzges, Joseph Jr",G926
"Fuller, Vernon",H059
"Furlong, William",D770
"Furman, Leo",E954
"Fyffe, Danny",F475
"Fyffe, Danny Jr",F475
"Galeano, Keith",I429
"Garber, Jason",H475
"Garrett, Jonathan",I232
"Gary, Michael",F319
"Gaskins, Kyle",I226
"Gatto, Abraham",I115
"Gause, Michael",I315
"Gaylord, Sarah",T599
"Geare, Paul",G329
"Geddis, Eric",F019
"Geho, Tracy",E945
"Geiselman, Elizabeth",C937
"George, Michael",F985
"Gerace, Robert",F383
"Gerber, Scott",E106
"German, Marjorie",F974
"Gialamas,",F461
"Gialamas, Marinos",F461
"Gilden, John",D311
"Gillespie, Edward",H686
"Ginevra, Michael",F692
"Giordano, Jason",H687
"Githara, George",G684
"Githara, Verillion",H831
"Githara, Verlillian",H831
"Gladstone, Keith",E987
"Glanville, Christopher",G334
"Glenn, Michael",E406
"Glover, Ethan",H379
"Golimonski, Frank",G366
"Golimowski,",G366
"Golimowski, Frank",G366
"Gondo, Momodu",H832
"Goodson, Caesar",G483
"Goodson, Ceaser",G483
"Goodwin, Creinton",G730
"Gordon, Edward",G181
"Gorman, John",G790
"Grant, Christopher",H131
"Gray, Edward",E318
"Grear, Clarence",F939
"Green,",G261
"Green, David",G318
"Green, Eric",G261
"Greene, David",G318
"Greene, David Jr",G318
"Greene, Gregory",E359
"Greenhill,",F820
"Grueninger, Greg",F821
"Guinn, Ryan",G752
"Guzman, Michael",E305
"Hagee, Charles",F779
"Haley, John",H197
"Hall, Maggie",J066
"Hall, Michael",F431
"Halstead, Stephen",G293
"Hankard, Robert",I370
"Hankard, Robert Jr",I370
"Hankard, Robt",I370
"Harris, Jamal",G100
"Harris, William",E450
"Hartman, Craig",D840
"Hartsock, Gary",E270
"Harvey, Tremaine",F408
"Haskins, Donald",D837
"Hatcher, Calloway",C384
"Hatchett, Dion",F390
"Hayden, Jonathan",G066
"Hayes, Donald",H139
"Hemmerly, Grant",I760
"Hendrick, Paul",G082
"Hendrix, Evodio",I695
"Hennlein, Michael",E147
"Henry, Jeffrey",J162
"Hensley, Gerald",D432
"Henson, Steven",G916
"Hernandez, Eduardo",H968
"Hernandez, Edward",H968
"Heron, Peter",H307
"Hersl, Daniel",G491
"Hester, Glenn",D869
"Hicks, Dane",I012
"Higley, Graig",I206
"Hill, Ryan",I432
"Hittle, David",G611
"Hobe, Allyson",I880
"Hoffman, Christopher",G634
"Honaker, Mark",F426
"Hood, Bradley",I339
"Hood, Samuel",F681
"Hoover, William",F793
"Hopkins, Brian",G139
"Hopkins, Francisco",I633
"Hopson,",G978
"Hopson, Antonio",G978
"Howard, Rodney",H603
"Howard, Rodney Jr",H603
"Hubbard, Jaclyn",G591
"Hunsicker, Franklin",G521
"Iacovo,",J036
"Iacovo, Peter",J036
"Icenroad, Chris",H518
"Ilgenfritz, Howard",H066
"Ilgenfritz, Howard Jr",H066
"Ivery, Kenneth",G495
"Jackson, Fletcher",H610
"Jackson, Jerron",H604
"Jamal, Harris",G100
"Jansen, Eric",F480
"Janu, William",H886
"Jefferson, Eric",G516
"Jendrek, John",E760
"Jenkins, Amanda",I751
"Jenkins, Wayne",H383
"Jennings, Corey",E681
"Jerscheid, Michael",E774
"Jester, Craig",G961
"Ji, Kai",T688
"Jimmerson,",G905
"Jimmerson, Delford",G905
"John, Audwyn",G503
"Johnson,",G668
"Johnson,",I698
"Johnson, Eric",F892
"Johnson, Kyle",G668
"Johnson, Michael",E339
"Johnson, Timothy",I698
"Jones, Antwyne",G781
"Jones, Deon",G727
"Jones, Eyvette",E788
"Jones, Joe",F635
"Jones, Kevin",F927
"Jones, Kevin",F318
"Jones, Melvin",H248
"Jones, Reginald",I287
"Jones, Ryan",G586
"Jones, Shelton",E812
"Jones, Supreme",J698
"Jugan, Thomas",G530
"Keene, Garrett",F055
"Kelly, Josh",H944
"Kelly, Joshua",H944
"Kienle,",H698
"Kim, Yoo",H098
"Kincaid, David",I995
"Kluttz, Brent",I480
"Knight, David",E751
"Knoerlein, William",E673
"Kostopolis, James",J102
"Kraus, Damion",H913
"Krauss, Damion",H913
"Lake, Agustus",I169
"Lake, Augustus",I169
"Lam, Moussa",I523
"Landing, Corey",F954
"Landsman, Joe",G692
"Landsman, Joseph",G692
"Lansey, Anthony",F046
"LaRonde, Fabien",H072
"Lascelle, Shawn",G285
"Lash, Vince",G545
"Lassiter, Annette",S506
"Leake, Nicole",E881
"LeBrun, Robert",G271
"Lee, Alex",F993
"Lehman, Chris",H230
"Leisher, Chris",G307
"Letren, Lisa",T672
"Lettau, Shane",H203
"Leventhall, Jason",J062
"Lewellen,",I377
"Lewellen, Adam",I377
"Lilly, Jeffrey",H642
"Lofton, Osiris",H067
"Lopez, Angel",F902
"Loton, Osiris",H067
"Louvado, Ivo",G550
"Lunetta,",I572
"Lunetta, Nicholas",I572
"Lynch, Wayne",J112
"MacDonald, William",E971
"Madigan, John",D850
"Maggio, Anthony",G496
"Mahan, Steve",F787
"Mahan, Steven",F787
"Mancuso, Holly",G661
"Mangano, John",I192
"Mangano, John Jr",I192
"Manners, Charles",G551
"Manning, Richard",F886
"Manns, Karen",E831
"Margolis, Sam",T691
"Marsh, Nevin",G067
"Martin, Michael",I209
"Martin, Stephen",C844
"Martini, Harvey",F512
"Mason, Rodney",F723
"Mattingly, Dale",I434
"Matulonis, Brian",E130
"Matzerath, John",F750
"Mays, Stephen",H589
"McCauley, David",I675
"McClaskey, George",E394
"McDermott, David",F060
"McDuffie, Carnest",H700
"McElroy, Denise",S448
"McGowan, David",G865
"McKnight, Ab",I115
"McKnight, Abe",I115
"McKnight, Abraham",I115
"McShane, James",H710
"McSpadden, Shannon",H147
"McWilliams, Brandon",H852
"Meads, Norm",B649
"Meehan, Daniel",G992
"Meehan, Jessica",I368
"Mellos, Alexandros",I270
"Melnick, Stephanie",J110
"Merino, Chris",H544
"Miller, Michael",G330
"Miller, Michael",H253
"Miller, Sean",F960
"Milles, Jeffrey",I920
"Milles, Stephanie",J110
"Mobley, Rodney",G463
"Molinaro, Gene",F822
"Mont, Terr",T692
"Mont, Terri",T692
"Montemarano, Nich",I203
"Montemarano, Nicholas",I203
"Moody, Krystal",H780
"Moody, Todd",G315
"Moore, Bryant",E952
"Moore, Jordan",I496
"Moore, Spencer",H650
"Moore, Thomas",E745
"Moss, C",H050
"Moss, Calvin",H050
"Muir, Donald",H513
"Muir, Donald",C188
"Murphy, Darryl",G026
"Murphy, Daryl",G026
"Nagovich, Valenti",H392
"Nelson, Yolanda",I497
"Neptune, Mark",I562
"Neptune, Mark",I582
"Neuens, Robert",F937
"Notargiacomo, Mario",E617
"O'Ree, Chris",F969
"O'Sullivan, M",G827
"O'Sullivan, Michael",G827
"Ojeda, Ricardo",I942
"Ondek, John",F261
"Orenstein, Joe",T655
"Orenstein, Joseph",T655
"Osborne, Darryl",D439
"Ostrow, Derek",F154
"Ott, Chris",G908
"Ott, Christopher",G908
"Owens, Renard",G562
"Padgett, James",J319
"Paltoo, Anim",I947
"Paradise, John",F375
"Parker, Reggie",E624
"Passamichalis,",E732
"Paul, Thomas",E038
"Peters, Glenn",H946
"Pietryak, David",I159
"Pinto, Edward",E573
"Pitocchelli, Julie",F551
"Pittman, Arnold",F434
"Porter, William",J311
"Pratt, Michael",D740
"Prescott, Lisa",D693
"Price, Gregory",I406
"Price, Sterling",F617
"Pride, Lamont",G744
"Pringle, Andre",G140
"Pulliam, Robert",I717
"Queen, Antonio",H781
"Quinter, Stacy",D907
"Rabinowitz, Isaac",T324
"Rach, Carl",F107
"Radchecko, Yekaterina",T697
"Radchenko, Yekaterina",T697
"Rager, John",G288
"Raheem, Shelia",H798
"Ralph, Brian",G244
"Ramberg, Ken",F558
"Ramberg, Kenneth",F558
"Ramberg, Kenneth Susp Medical",F558
"Randolph, Ronnie",G262
"Rawlins, Clyde",G047
"Rayam, Jemell",H740
"Reed, Kareem",H702
"Reed, Takiyha",I313
"Reynolds,",H037
"Rhoden, James",E911
"Richburg, Ken",G571
"Richburg, Kendell",G571
"Rivera, Victor",F447
"Riveria-Martinez, Car",I870
"Roberts, Roy",I718
"Rodgers, Rena",F208
"Rodriguez, Albert",J334
"Rogers, Norman",J149
"Roland, Sharon",S972
"Romeo, Timothy",I678
"Romey, Stephen",I681
"Rose, Steven",G084
"Roseborough, Kevin",F344
"Rosenblatt, Josh",I679
"Rosenblatt, Joshua",I679
"Rosier, Steven",I762
"Rosier, Steven",I792
"Ross, Kenneth",G401
"Rotell, Albert",H198
"Ruiz, Luis",H152
"Ryckman, Mathew",I100
"Ryckman, Matt",I100
"Ryckman, Matthew",I100
"Sabatino, Angela",T714
"Sagner, Jeremy",G577
"Sailor, Austin",H847
"Salefski, Daniel",E626
"Salmon, Brian",J072
"Saunders, Antonio",H892
"Schmidt, Charles",F068
"Schmidt, Charles Jr",F068
"Schmidt, Christopher",F989
"Schreyer, Chris",G333
"Scott, Kenneth",H791
"Sears, Kawanda",H776
"Semmler, Damian",G405
"Severino, Andres",J058
"Sgambati, Anthony",F142
"Sgt Emich, Chris",E379
"Shetterly, James",G807
"Shifflett, Norm",G441
"Shockley, James",G712
"Shockley, James Jr",G712
"Shores, Donald",F670
"Shutt, Brian",H256
"SIC Emich, Chris",E379
"Siegmund, Leo",E218
"Sills, Charles",H632
"Sills, Charles Jr",H632
"Slack, Steven",H923
"Small, Antwon",H939
"Small, Antwon",H949
"Smith, Anthony",G522
"Smith, Christopher",D898
"Smith, Gary",H089
"Smith, Gary",H090
"Smith, Michael",F797
"Smith, Phillip",J024
"Smith, Sharisse",G628
"Smith, Sharrise",G628
"Smith, Thomas",E104
"Smith, Trabian",H293
"Snead, Robert",F576
"Sokolowski, Keith",F924
"Spencer, William",H501
"Spila, Mark",H729
"Spinnato, Michael",H043
"Stach, Timothy",G039
"Stauder, Jeffrey",F838
"Stein, Daniel",G297
"Stephens, Warren",F442
"Street, Amy",G879
"Street, Craig",G631
"Streett, Amy",G879
"Streett, Craig",G631
"Strohman, Todd",I743
"Sullivan, Akinlawon",H027
"Talley, Christopher",G391
"Tallmadge, Mark",J020
"Tasher, Abraham",I481
"Tasher, Avraham",I481
"Taylor, John",E710
"Taylor, Marcus",I725
"Thomas, Chris",I797
"Thomas, Eric",F834
"Thomas, Susan",H464
"Thompson, Earl",F990
"Tiedemann, Keith",I385
"Tillery, Tyrone",F120
"Tinsley, Latosha",H107
"Todd, Tanesha",H854
"Toro-Munford,",I726
"Toro-Munford, Tarik",I726
"Torres, John",H318
"Tupper, Becky",T702
"Tyson, Darrilynn",H028
"Tyson, Kaytee",F966
"Tyson, KayTee",F966
"Valenzia, Richard",F676
"Vargas, Henry",I599
"Vargas, Pedro",G437
"Velte, Robert",F593
"Verkest, Mark",I591
"Vignola, Carm",I296
"Vignola, Carmine",I296
"Vigue, George",F814
"Vinias, Steven",J054
"Vinson, Rayven",Y726
"Vodarick, Michael",H764
"Volk, Shane",I592
"Wagner, Edward",C415
"Waller, Keona",H974
"Waller, Keonna",H974
"Wallner, Robert",D487
"Ward, Maurice",H456
"Ward, Maurice Jr",H456
"Ward, Steven",G415
"Warrington, Ava",I664
"Warrington, Ava",I644
"Waskiewicz, Daniel",J126
"Watkins, Charlene",D816
"Weeks, Donald",C325
"West, Jeffrey",H937
"West, John",H662
"Weston, Duane",H663
"White, Lonnie",H719
"White, Stephon",I621
"Wiczulis, Joseph",I357
"Wigley, Robert",I426
"Wilhelm, Michael",E995
"Williams, Andrew",F061
"Williams, Craig",E968
"Williams, Donta",H319
"Williams, Earl",F214
"Williams, Earl",F892
"Williams, Earl",E703
"Williams, Exdol",G708
"Williams, Exodol",G708
"Williams, Mark",H213
"Williams, Roland",H624
"Williams, Toyia",G711
"Wilson, Ronald",D646
"Wilson, Thomas",F363
"Wiman, Andrew",G432
"Wine, Doug",F509
"Wine, Douglas",F509
"Woodlon, Michael",H645
"Worsley, Larry",H435
"Yamin, Gary",E428
"Yamin, Lewis",E428
"Yeager, Christopher",T
"Yeager, Christopher",T772
"Young, Deborah",H873
"Young, Kawahn",H308
"Young, Thomas",I925
"Yourkovik, Kurt",I786
"Zamora, Ronald",H359
"Zdura, Andrew",I009
