name,id,n
"Abdi, Ezekiel",I233,8
"Adams, Robert",G882,1
"Adams, Wayne Jr",G098,2
"Adkins, Allen",D733,1
"Akinwande, Olufemi",I234,1
"Albino, Monica",I045,3
"Ali, Mohamed",G080,2
"Allen, Edgar",E440,1
"Allen, Rodney",E889,1
"Allers, Thomas",F934,2
"Allgood, Verillion",H831,1
"Alston, Monica",I045,5
"Alvarez, Amado",G354,1
"Amador, Robert",F979,3
"Ambrose, Wayne",I329,3
"Anderson, Clem",H607,1
"Ardis, Vicky",F931,1
"Atkins, Tyler",T695,1
"Avery, Brandon",I176,8
"Avitia, Jesus",G722,2
"Azur, David",F296,1
"Badgujar, Anand",J033,3
"Bagdon, Mark",H422,4
"Baier, Michael",E684,1
"Bailey, Leonardo",F531,1
"Baio, Sal",I237,1
"Baio, Salvatore",I237,4
"Banks, Warren",I623,3
"Bartone, Jocelyn",T598,2
"Bartone, Joceyln",T598,1
"Baskette, Kevin",E041,5
"Baublitz, Eric",I627,3
"Beal, Isaac",I624,2
"Bearde, William",H282,2
"Bell, Ivan",F956,1
"Bell, Terry",G695,2
"Benett, Freda",S896,2
"Benn, Warren",G825,11
"Bennett, Freda",S896,1
"Bennett, Jason",H782,1
"Benson, Keith",F413,1
"Bernardez-Ruiz, Jorge",J039,5
"Berry, Fugiki",H671,3
"Biehler, Brian",F700,2
"Biggers, Sherrod",H884,4
"Blackwell, Troy",F840,4
"Blanchard, Jason",I671,4
"Bland, Freddie",F202,1
"Bonaparte, Heyward",G028,1
"Booth, Cedric",I364,1
"Boots, Beth",T179,3
"Bowman, Steve",G449,1
"Bowman, Steven",G449,5
"Boyd, Chris",F516,1
"Boyd, Greg",F907,2
"Bradley, James",G400,1
"Bradley, William",F817,1
"Bristol, William",E973,2
"Brooks, Leland",H474,2
"Brown, Derrick",G059,5
"Brown, Margaret",F997,1
"Brown, Nicole",E654,3
"Brown, Wilmer",G738,2
"Bruno, Angela",T771,1
"Burchill, Paul",G954,1
"Burkett, Michael",D135,2
"Burns, John",G940,3
"Burns, John Jr",G940,2
"Burrus, Torran",G156,5
"Burton, Joseph",G348,2
"Button, Bruce",E415,1
"Byrd, Adriene",H108,2
"Cabreja, Emmanuel",H942,1
"Calpin, John",D971,1
"Campusano,",H776,1
"Carrington,",H124,1
"Carrington, Issac",H124,3
"Carter-Watson,",G924,2
"Carter, Ronald",I330,1
"Cavey, Shannon",G135,5
"Charles, Bandele",H628,11
"Charles, Rachel",J146,2
"Chase, Keith",I219,1
"Cheatam, Tony",T682,1
"Choi, Shawn",I938,2
"Cicchetti III, Carl",H643,1
"Cicchetti, Carl",H643,3
"Ciotti, David",H894,3
"Cirillo, Anthony",G461,3
"Cirillo, Anthony",I726,1
"Clark, Robert",I653,3
"Clark, Tony",H616,1
"Clarke, Robert",I653,2
"Clasing, David",E224,1
"Clewell, John",I711,3
"Coffin, Brian",I740,5
"Colburn III, David",I661,1
"Colburn, David",I661,4
"Coleman, Kyesha",H930,1
"Coleman, Michael",F495,2
"Collins, Marcos",T694,2
"Collins, Michael",G358,1
"Connolly, Kendall",F756,1
"Corrigan, Patrick",I500,4
"Corso, Robert",H966,2
"Crespo, Jomari",J078,1
"Crosby, Bradley",F727,1
"Crystal, Joseph",I644,2
"Danielczyk, Scott",F595,1
"Danzy, Danny",E549,2
"Davis, Phillip",J040,1
"Day, Matt",G268,2
"Day, Matthew",G268,3
"DeFranco, Michael",F922,3
"Denford, William",C829,1
"Devine, Timothy",D764,6
"DiCandeloro, Joseph",G785,2
"Dickstein, Ryan",I637,2
"Diggs, V SES Admin",H634,1
"Diggs, Vaughn",H634,2
"Dinnuno, Matt",H967,1
"DiNunno, Matthew",H967,2
"DiPaola, Jeffrey",H868,1
"Disney, Shirley",F733,1
"Dixon, Duane",E483,1
"Djan, Michael",T667,1
"Djan, Michael",T687,1
"Dobbins, Wanda",D807,3
"Dodge, Harry Jr",G557,1
"Dorsey, Alan",F216,2
"Dressel, Michael",E766,1
"Dunton, Kevin",F765,2
"Earp, Phillip",F729,2
"Echevarria, Brandon",G974,2
"Eldridge, Manuel",F020,1
"Ellis, Lavern",E924,2
"Ellis, Laverne",E924,1
"Ellison, Tony",E874,9
"Emich, Chris",E379,3
"Estes,",I967,1
"Estes, Donald",I967,3
"Esworthy, Lee",E941,1
"Evans, Steven",H611,2
"Everett, Roan",F109,3
"Fair, Bryant",G321,2
"Faller, Christopher",G351,3
"Fassl, Kevin",J291,3
"Featherstone, Jeff",H752,2
"Felder, Darryl",I129,4
"Ferdinand, Sendi",H013,1
"Ferguson, Aaron",F630,2
"Ferguson, Triston",G873,9
"Feser, Jason",H530,2
"Fidler, Joshua",I709,3
"Fields, Dale",C489,1
"Finein, William",H792,3
"Fischer, Greg",H560,3
"Fisher, Greg",H560,6
"Fisher, Steven",G030,1
"Flynn, Brian",H467,1
"Ford, Brian",F710,6
"Foster, Dontae",I407,3
"Fox, Jessica",I368,1
"Fox, Vincent",F778,3
"Frauenhoffer, Jim",F117,1
"Frey, Phoenix",G410,2
"Fried, Jared",H454,8
"Fried, Joel",G849,5
"Frieman, Ben",I847,1
"Frieman, Benjamin",I847,6
"Fries, Michael",E895,6
"Fries, Suzanne",G389,7
"Fritzges, Joseph",G926,5
"Fritzges, Joseph Jr",G926,5
"Fuller, Vernon",H059,4
"Furlong, William",D770,7
"Furman, Leo",E954,2
"Fyffe, Danny",F475,6
"Fyffe, Danny Jr",F475,5
"Galeano, Keith",I429,7
"Garber, Jason",H475,3
"Garrett, Jonathan",I232,6
"Gary, Michael",F319,2
"Gaskins, Kyle",I226,1
"Gatto, Abraham",I115,1
"Gause, Michael",I315,5
"Gaylord, Sarah",T599,1
"Geare, Paul",G329,4
"Geddis, Eric",F019,1
"Geho, Tracy",E945,3
"Geiselman, Elizabeth",C937,1
"George, Michael",F985,2
"Gerace, Robert",F383,1
"Gerber, Scott",E106,2
"German, Marjorie",F974,10
"Gialamas,",F461,1
"Gialamas, Marinos",F461,1
"Gilden, John",D311,1
"Gillespie, Edward",H686,1
"Ginevra, Michael",F692,3
"Giordano, Jason",H687,2
"Githara, George",G684,2
"Githara, Verillion",H831,1
"Githara, Verlillian",H831,3
"Gladstone, Keith",E987,3
"Glanville, Christopher",G334,1
"Glenn, Michael",E406,1
"Glover, Ethan",H379,2
"Golimonski, Frank",G366,1
"Golimowski,",G366,1
"Golimowski, Frank",G366,8
"Gondo, Momodu",H832,5
"Goodson, Caesar",G483,1
"Goodson, Ceaser",G483,1
"Goodwin, Creinton",G730,7
"Gordon, Edward",G181,3
"Gorman, John",G790,2
"Grant, Christopher",H131,1
"Gray, Edward",E318,1
"Grear, Clarence",F939,1
"Green,",G261,1
"Green, David",G318,2
"Green, Eric",G261,1
"Greene, David",G318,5
"Greene, David Jr",G318,1
"Greene, Gregory",E359,2
"Greenhill,",F820,1
"Grueninger, Greg",F821,1
"Guinn, Ryan",G752,1
"Guzman, Michael",E305,1
"Hagee, Charles",F779,4
"Haley, John",H197,1
"Hall, Maggie",J066,4
"Hall, Michael",F431,2
"Halstead, Stephen",G293,1
"Hankard, Robert",I370,2
"Hankard, Robert Jr",I370,2
"Hankard, Robt",I370,1
"Harris, Jamal",G100,2
"Harris, William",E450,1
"Hartman, Craig",D840,3
"Hartsock, Gary",E270,1
"Harvey, Tremaine",F408,4
"Haskins, Donald",D837,1
"Hatcher, Calloway",C384,1
"Hatchett, Dion",F390,2
"Hayden, Jonathan",G066,1
"Hayes, Donald",H139,8
"Hemmerly, Grant",I760,2
"Hendrick, Paul",G082,1
"Hendrix, Evodio",I695,12
"Hennlein, Michael",E147,1
"Henry, Jeffrey",J162,4
"Hensley, Gerald",D432,9
"Henson, Steven",G916,3
"Hernandez, Eduardo",H968,2
"Hernandez, Edward",H968,1
"Heron, Peter",H307,1
"Hersl, Daniel",G491,8
"Hester, Glenn",D869,2
"Hicks, Dane",I012,2
"Higley, Graig",I206,2
"Hill, Ryan",I432,5
"Hittle, David",G611,1
"Hobe, Allyson",I880,3
"Hoffman, Christopher",G634,1
"Honaker, Mark",F426,1
"Hood, Bradley",I339,2
"Hood, Samuel",F681,1
"Hoover, William",F793,1
"Hopkins, Brian",G139,2
"Hopkins, Francisco",I633,1
"Hopson,",G978,3
"Hopson, Antonio",G978,4
"Howard, Rodney",H603,1
"Howard, Rodney Jr",H603,7
"Hubbard, Jaclyn",G591,1
"Hunsicker, Franklin",G521,1
"Iacovo,",J036,1
"Iacovo, Peter",J036,6
"Icenroad, Chris",H518,2
"Ilgenfritz, Howard",H066,4
"Ilgenfritz, Howard Jr",H066,2
"Ivery, Kenneth",G495,7
"Jackson, Fletcher",H610,1
"Jackson, Jerron",H604,1
"Jamal, Harris",G100,1
"Jansen, Eric",F480,1
"Janu, William",H886,11
"Jefferson, Eric",G516,2
"Jendrek, John",E760,1
"Jenkins, Amanda",I751,2
"Jenkins, Wayne",H383,14
"Jennings, Corey",E681,2
"Jerscheid, Michael",E774,1
"Jester, Craig",G961,1
"Ji, Kai",T688,2
"Jimmerson,",G905,1
"Jimmerson, Delford",G905,1
"John, Audwyn",G503,2
"Johnson,",G668,1
"Johnson,",I698,1
"Johnson, Eric",F892,2
"Johnson, Kyle",G668,9
"Johnson, Michael",E339,1
"Johnson, Timothy",I698,1
"Jones, Antwyne",G781,4
"Jones, Deon",G727,2
"Jones, Eyvette",E788,3
"Jones, Joe",F635,2
"Jones, Kevin",F318,2
"Jones, Kevin",F927,3
"Jones, Melvin",H248,1
"Jones, Reginald",I287,1
"Jones, Ryan",G586,1
"Jones, Shelton",E812,1
"Jones, Supreme",J698,1
"Jugan, Thomas",G530,1
"Keene, Garrett",F055,1
"Kelly, Josh",H944,1
"Kelly, Joshua",H944,2
"Kienle,",H698,1
"Kim, Yoo",H098,1
"Kincaid, David",I995,5
"Kluttz, Brent",I480,4
"Knight, David",E751,1
"Knoerlein, William",E673,4
"Kostopolis, James",J102,3
"Kraus, Damion",H913,5
"Krauss, Damion",H913,2
"Lake, Agustus",I169,1
"Lake, Augustus",I169,1
"Lam, Moussa",I523,2
"Landing, Corey",F954,1
"Landsman, Joe",G692,3
"Landsman, Joseph",G692,2
"Lansey, Anthony",F046,1
"LaRonde, Fabien",H072,3
"Lascelle, Shawn",G285,1
"Lash, Vince",G545,7
"Lassiter, Annette",S506,4
"Leake, Nicole",E881,1
"LeBrun, Robert",G271,1
"Lee, Alex",F993,1
"Lehman, Chris",H230,1
"Leisher, Chris",G307,1
"Letren, Lisa",T672,2
"Lettau, Shane",H203,1
"Leventhall, Jason",J062,3
"Lewellen,",I377,1
"Lewellen, Adam",I377,2
"Lilly, Jeffrey",H642,6
"Lofton, Osiris",H067,1
"Lopez, Angel",F902,1
"Loton, Osiris",H067,1
"Louvado, Ivo",G550,3
"Lunetta,",I572,1
"Lunetta, Nicholas",I572,2
"Lynch, Wayne",J112,3
"MacDonald, William",E971,1
"Madigan, John",D850,4
"Maggio, Anthony",G496,4
"Mahan, Steve",F787,2
"Mahan, Steven",F787,1
"Mancuso, Holly",G661,2
"Mangano, John",I192,4
"Mangano, John Jr",I192,1
"Manners, Charles",G551,6
"Manning, Richard",F886,1
"Manns, Karen",E831,1
"Margolis, Sam",T691,2
"Marsh, Nevin",G067,2
"Martin, Michael",I209,1
"Martin, Stephen",C844,1
"Martini, Harvey",F512,5
"Mason, Rodney",F723,2
"Mattingly, Dale",I434,2
"Matulonis, Brian",E130,2
"Matzerath, John",F750,3
"Mays, Stephen",H589,2
"McCauley, David",I675,7
"McClaskey, George",E394,1
"McDermott, David",F060,1
"McDuffie, Carnest",H700,3
"McElroy, Denise",S448,5
"McGowan, David",G865,4
"McKnight, Ab",I115,1
"McKnight, Abe",I115,3
"McKnight, Abraham",I115,1
"McShane, James",H710,8
"McSpadden, Shannon",H147,1
"McWilliams, Brandon",H852,1
"Meads, Norm",B649,1
"Meehan, Daniel",G992,4
"Meehan, Jessica",I368,1
"Mellos, Alexandros",I270,1
"Melnick, Stephanie",J110,1
"Merino, Chris",H544,1
"Miller, Michael",G330,2
"Miller, Michael",H253,2
"Miller, Sean",F960,1
"Milles, Jeffrey",I920,1
"Milles, Stephanie",J110,3
"Mobley, Rodney",G463,1
"Molinaro, Gene",F822,2
"Mont, Terr",T692,1
"Mont, Terri",T692,2
"Montemarano, Nich",I203,5
"Montemarano, Nicholas",I203,1
"Moody, Krystal",H780,1
"Moody, Todd",G315,2
"Moore, Bryant",E952,1
"Moore, Jordan",I496,6
"Moore, Spencer",H650,3
"Moore, Thomas",E745,1
"Moss, C",H050,1
"Moss, Calvin",H050,5
"Muir, Donald",C188,1
"Muir, Donald",H513,2
"Murphy, Darryl",G026,4
"Murphy, Daryl",G026,3
"Nagovich, Valenti",H392,3
"Nelson, Yolanda",I497,2
"Neptune, Mark",I562,6
"Neptune, Mark",I582,1
"Neuens, Robert",F937,1
"Notargiacomo, Mario",E617,2
"O'Ree, Chris",F969,4
"O'Sullivan, M",G827,1
"O'Sullivan, Michael",G827,3
"Ojeda, Ricardo",I942,2
"Ondek, John",F261,2
"Orenstein, Joe",T655,1
"Orenstein, Joseph",T655,2
"Osborne, Darryl",D439,1
"Ostrow, Derek",F154,3
"Ott, Chris",G908,4
"Ott, Christopher",G908,6
"Owens, Renard",G562,2
"Padgett, James",J319,4
"Paltoo, Anim",I947,1
"Paradise, John",F375,1
"Parker, Reggie",E624,2
"Passamichalis,",E732,1
"Paul, Thomas",E038,1
"Peters, Glenn",H946,2
"Pietryak, David",I159,13
"Pinto, Edward",E573,7
"Pitocchelli, Julie",F551,2
"Pittman, Arnold",F434,3
"Porter, William",J311,2
"Pratt, Michael",D740,3
"Prescott, Lisa",D693,1
"Price, Gregory",I406,3
"Price, Sterling",F617,1
"Pride, Lamont",G744,1
"Pringle, Andre",G140,1
"Pulliam, Robert",I717,11
"Queen, Antonio",H781,5
"Quinter, Stacy",D907,1
"Rabinowitz, Isaac",T324,1
"Rach, Carl",F107,2
"Radchecko, Yekaterina",T697,1
"Radchenko, Yekaterina",T697,1
"Rager, John",G288,2
"Raheem, Shelia",H798,2
"Ralph, Brian",G244,1
"Ramberg, Ken",F558,1
"Ramberg, Kenneth",F558,4
"Ramberg, Kenneth Susp Medical",F558,1
"Randolph, Ronnie",G262,3
"Rawlins, Clyde",G047,1
"Rayam, Jemell",H740,3
"Reed, Kareem",H702,3
"Reed, Takiyha",I313,2
"Reynolds,",H037,2
"Rhoden, James",E911,3
"Richburg, Ken",G571,1
"Richburg, Kendell",G571,1
"Rivera, Victor",F447,3
"Riveria-Martinez, Car",I870,2
"Roberts, Roy",I718,2
"Rodgers, Rena",F208,2
"Rodriguez, Albert",J334,4
"Rogers, Norman",J149,2
"Roland, Sharon",S972,1
"Romeo, Timothy",I678,4
"Romey, Stephen",I681,4
"Rose, Steven",G084,2
"Roseborough, Kevin",F344,1
"Rosenblatt, Josh",I679,1
"Rosenblatt, Joshua",I679,2
"Rosier, Steven",I762,4
"Rosier, Steven",I792,1
"Ross, Kenneth",G401,1
"Rotell, Albert",H198,1
"Ruiz, Luis",H152,3
"Ryckman, Mathew",I100,1
"Ryckman, Matt",I100,1
"Ryckman, Matthew",I100,1
"Sabatino, Angela",T714,1
"Sagner, Jeremy",G577,1
"Sailor, Austin",H847,1
"Salefski, Daniel",E626,3
"Salmon, Brian",J072,3
"Saunders, Antonio",H892,16
"Schmidt, Charles",F068,6
"Schmidt, Charles Jr",F068,3
"Schmidt, Christopher",F989,1
"Schreyer, Chris",G333,10
"Scott, Kenneth",H791,1
"Sears, Kawanda",H776,3
"Semmler, Damian",G405,2
"Severino, Andres",J058,4
"Sgambati, Anthony",F142,1
"Sgt Emich, Chris",E379,2
"Shetterly, James",G807,1
"Shifflett, Norm",G441,1
"Shockley, James",G712,4
"Shockley, James Jr",G712,1
"Shores, Donald",F670,1
"Shutt, Brian",H256,2
"SIC Emich, Chris",E379,1
"Siegmund, Leo",E218,6
"Sills, Charles",H632,6
"Sills, Charles Jr",H632,1
"Slack, Steven",H923,4
"Small, Antwon",H939,1
"Small, Antwon",H949,1
"Smith, Anthony",G522,1
"Smith, Christopher",D898,1
"Smith, Gary",H089,2
"Smith, Gary",H090,1
"Smith, Michael",F797,8
"Smith, Phillip",J024,3
"Smith, Sharisse",G628,1
"Smith, Sharrise",G628,1
"Smith, Thomas",E104,1
"Smith, Trabian",H293,3
"Snead, Robert",F576,1
"Sokolowski, Keith",F924,1
"Spencer, William",H501,3
"Spila, Mark",H729,6
"Spinnato, Michael",H043,1
"Stach, Timothy",G039,3
"Stauder, Jeffrey",F838,3
"Stein, Daniel",G297,5
"Stephens, Warren",F442,1
"Street, Amy",G879,1
"Street, Craig",G631,1
"Streett, Amy",G879,1
"Streett, Craig",G631,2
"Strohman, Todd",I743,1
"Sullivan, Akinlawon",H027,4
"Talley, Christopher",G391,2
"Tallmadge, Mark",J020,3
"Tasher, Abraham",I481,6
"Tasher, Avraham",I481,12
"Taylor, John",E710,1
"Taylor, Marcus",I725,11
"Thomas, Chris",I797,9
"Thomas, Eric",F834,1
"Thomas, Susan",H464,2
"Thompson, Earl",F990,2
"Tiedemann, Keith",I385,6
"Tillery, Tyrone",F120,1
"Tinsley, Latosha",H107,3
"Todd, Tanesha",H854,2
"Toro-Munford,",I726,3
"Toro-Munford, Tarik",I726,2
"Torres, John",H318,2
"Tupper, Becky",T702,3
"Tyson, Darrilynn",H028,1
"Tyson, Kaytee",F966,1
"Tyson, KayTee",F966,1
"Valenzia, Richard",F676,4
"Vargas, Henry",I599,1
"Vargas, Pedro",G437,7
"Velte, Robert",F593,1
"Verkest, Mark",I591,3
"Vignola, Carm",I296,1
"Vignola, Carmine",I296,3
"Vigue, George",F814,1
"Vinias, Steven",J054,2
"Vinson, Rayven",Y726,1
"Vodarick, Michael",H764,1
"Volk, Shane",I592,2
"Wagner, Edward",C415,1
"Waller, Keona",H974,1
"Waller, Keonna",H974,1
"Wallner, Robert",D487,2
"Ward, Maurice",H456,8
"Ward, Maurice Jr",H456,9
"Ward, Steven",G415,1
"Warrington, Ava",I644,1
"Warrington, Ava",I664,1
"Waskiewicz, Daniel",J126,3
"Watkins, Charlene",D816,1
"Weeks, Donald",C325,1
"West, Jeffrey",H937,1
"West, John",H662,2
"Weston, Duane",H663,12
"White, Lonnie",H719,2
"White, Stephon",I621,8
"Wiczulis, Joseph",I357,6
"Wigley, Robert",I426,1
"Wilhelm, Michael",E995,2
"Williams, Andrew",F061,1
"Williams, Craig",E968,1
"Williams, Donta",H319,2
"Williams, Earl",E703,3
"Williams, Earl",F214,1
"Williams, Earl",F892,1
"Williams, Exdol",G708,3
"Williams, Exodol",G708,5
"Williams, Mark",H213,2
"Williams, Roland",H624,2
"Williams, Toyia",G711,1
"Wilson, Ronald",D646,1
"Wilson, Thomas",F363,3
"Wiman, Andrew",G432,5
"Wine, Doug",F509,2
"Wine, Douglas",F509,1
"Woodlon, Michael",H645,1
"Worsley, Larry",H435,8
"Yamin, Gary",E428,2
"Yamin, Lewis",E428,1
"Yeager, Christopher",T,1
"Yeager, Christopher",T772,2
"Young, Deborah",H873,3
"Young, Kawahn",H308,1
"Young, Thomas",I925,8
"Yourkovik, Kurt",I786,3
"Zamora, Ronald",H359,2
"Zdura, Andrew",I009,1
